MRM 2026 Data Collection Template with 2025 Comparisons,,,,,,,,,,,,,,,,
,,,,,,,,,,,,,,,,
1. QMS Analytics - Total Counts,,,,,,,,,,,,,,,,
Site,Metric,2025 Data (Last MRM),2026 Data (Now),Improvement (%),,,,,,,,,,,,
SITE-I,Incidents,262,,,,,,,,,,,,,,
SITE-I,Corrective Actions (CA),89,,,,,,,,,,,,,,
SITE-I,Preventive Actions (PA),29,,,,,,,,,,,,,,
SITE-I,Out of Specs (OOS),259,,,,,,,,,,,,,,
SITE-I,Change Controls (CC),492,,,,,,,,,,,,,,
SITE-III,Incidents,82,,,,,,,,,,,,,,
SITE-III,Corrective Actions (CA),52,,,,,,,,,,,,,,
SITE-III,Preventive Actions (PA),66,,,,,,,,,,,,,,
SITE-III,Out of Specs (OOS),159,,,,,,,,,,,,,,
SITE-III,Change Controls (CC),261,,,,,,,,,,,,,,
SITE-V,Incidents,196,,,,,,,,,,,,,,
SITE-V,Corrective Actions (CA),70,,,,,,,,,,,,,,
SITE-V,Preventive Actions (PA),37,,,,,,,,,,,,,,
SITE-V,Out of Specs (OOS),89,,,,,,,,,,,,,,
SITE-V,Change Controls (CC),178,,,,,,,,,,,,,,
,,,,,,,,,,,,,,,,
2. QMS Analytics - Avg Closure Days,,,,,,,,,,,,,,,,
Site,Metric,2025 Avg Closure Days,2026 Avg Closure Days,Improvement (%),,,,,,,,,,,,
SITE-I,Incidents,15.6,,,,,,,,,,,,,,
SITE-I,Corrective Actions (CA),42,,,,,,,,,,,,,,
SITE-I,Preventive Actions (PA),54,,,,,,,,,,,,,,
SITE-I,Out of Specs (OOS),17,,,,,,,,,,,,,,
SITE-I,Change Controls (CC),40,,,,,,,,,,,,,,
SITE-I,Investigations,6.1,,,,,,,,,,,,,,
,,,,,,,,,,,,,,,,
,,,,,,,,,,,,,,,,
Site,Metric,2025 Avg Closure Days,2026 Avg Closure Days,Improvement (%),,,,,,,,,,,,
SITE-III,Incidents,16.4,,,,,,,,,,,,,,
SITE-III,Corrective Actions (CA),47,,,,,,,,,,,,,,
SITE-III,Preventive Actions (PA),34,,,,,,,,,,,,,,
SITE-III,Out of Specs (OOS),9,,,,,,,,,,,,,,
SITE-III,Change Controls (CC),16,,,,,,,,,,,,,,
SITE-III,Investigations,4,,,,,,,,,,,,,,
,,,,,,,,,,,,,,,,
,,,,,,,,,,,,,,,,
Site,Metric,2025 Avg Closure Days,2026 Avg Closure Days,Improvement (%),,,,,,,,,,,,
SITE-V,Incidents,7,,,,,,,,,,,,,,
SITE-V,Corrective Actions (CA),27,,,,,,,,,,,,,,
SITE-V,Preventive Actions (PA),29,,,,,,,,,,,,,,
SITE-V,Out of Specs (OOS),7,,,,,,,,,,,,,,
SITE-V,Change Controls (CC),39,,,,,,,,,,,,,,
SITE-V,Investigations,3.7,,,,,,,,,,,,,,
,,,,,,,,,,,,,,,,
,,,,,,,,,,,,,,,,
,,,,,,,,,,,,,,,,
,,,,,,,,,,,,,,,,
,,,,,,,,,,,,,,,,
,,,,,,,,,,,,,,,,
,,,,,,,,,,,,,,,,
,,,,,,,,,,,,,,,,
,,,,,,,,,,,,,,,,
,,,,,,,,,,,,,,,,
,,,,,,,,,,,,,,,,
,,,,,,,,,,,,,,,,
,,,,,,,,,,,,,,,,
